,Com_1007_neg,Com_1013_neg,Com_1035_neg,Com_1038_neg,Com_1040_neg
aaa,-0.2517482517482518,0.5174825174825175,-0.2377622377622378,-0.16783216783216784,0.5174825174825175
bbb,0.3846153846153847,0.11188811188811189,-0.013986013986013986,0.07692307692307693,-0.4545454545454546
ccc,-0.2937062937062937,-0.06293706293706294,-0.0979020979020979,0.034965034965034975,0.3426573426573427
ddd,0.1328671328671329,0.2937062937062937,0.08391608391608392,0.06293706293706294,-0.1328671328671329
eee,0.11188811188811189,-0.2517482517482518,0.3916083916083916,0.11188811188811189,-0.5244755244755246
